name,url,username,password,note
127.0.0.1,http://127.0.0.1/openserver/phpmyadmin/index.php,root,123,
127.0.0.1:49590,http://127.0.0.1:49590/browser/,127.0.0.1,123,
192.168.0.1,http://192.168.0.1/,admin,admin,
192.168.1.1,http://192.168.1.1/wizard/initial-setup,241715747,89233084953,
192.168.1.1,http://192.168.1.1/controlPanel/segments/Bridge0,ST_ONE,hurYMMwm8sqCv1sEKFn3HKzXt8B8mHH_,
192.168.1.1,http://192.168.1.1/wizard/initial-setup,admin,admin,
academy.1c-bitrix.ru,https://academy.1c-bitrix.ru/courses/,bitrix24.ru@inbox.ru,Ln73Md,
login.1c.com,https://login.1c.com/registration,legioner9,124578a124578a,
login.1c.com,https://login.1c.com/registration,avemeta,124578a124578a,
login.1c.ru,https://login.1c.ru/registration,legioner9999,124578a124578a,
2-999-999.ru,http://www.2-999-999.ru/personal/auth/,mastersruba,124578a124578a,
reg.2domains.ru,https://reg.2domains.ru/login.php,giperionaa@ngs.ru,124578a,
account.2gis.com,https://account.2gis.com/,buhg000@mail.ru,12457800a,
my.5ka.ru,https://my.5ka.ru/registration,08.08.1988,BQY'q9ZNqXqCeb6,
a-parser.com,https://a-parser.com/register/register,legioner9@inbox.ru,124578a124578a,
a5.ru,https://www.a5.ru/,artdekord@mail.ru,geruma01,
edu.academiait.ru,https://edu.academiait.ru/register,legioner,124578a,
edu.academiait.ru,https://edu.academiait.ru/login,legioner9@inbox.ru,124578a,
ad-core.ru,https://ad-core.ru/ad_block,divledi,dfcbkbcrf,
adobeid.services.adobe.com,https://adobeid.services.adobe.com/reset/ru_RU/8EFC943E9PPTRMT33ZJQ8PGBH8,,qwaszx1!A,
adobeid-na1.services.adobe.com,https://adobeid-na1.services.adobe.com/renga-idprovider/pages/login,legioner9@inbox.ru,qwaszx1!A,
bugzilla.altlinux.org,https://bugzilla.altlinux.org/,legioner9@inbox.ru,124578a124578aA,
forum.altlinux.org,https://forum.altlinux.org/index.php,legioner9,124578ф124578фФ,
amazon.com,https://amazon.com/ap/register,legioner9.9.9.9@gmail.com,124578a124578aA,
amazon.com,https://amazon.com/ap/signin,legioner9@inbox.ru,124578a124578a124578a,
anaconda.cloud,https://anaconda.cloud/sign-up,github.com@inbox.ru,124578a124578aA,
announcekit.app,https://announcekit.app/dashboard/register,legioner9,124578a124578aA,
anti-captcha.com,https://anti-captcha.com/clients/entrance/login,legioner9.9.9.9,124578a124578a124578a,
bugs.astron.com,https://bugs.astron.com/login_password_page.php,legioner9,124578a124578a,
router.asus.com,http://router.asus.com/qis/QIS_wireless.htm,ASUS_28,124578a124578a,
au.ru,https://au.ru/user/Semferot/lots/,legioner9@inbox.ru,124578a124578a,
accounts.autodesk.com,https://accounts.autodesk.com/Authentication/LogOn,as2000-div@mail.ru,12457800a,
avito.ru,https://avito.ru/,+7 905 976-28-52,124578a124578aAAAAAA,
avito.ru,https://www.avito.ru/registration,mastersruba.ru@mail.ru,124578a124578aAAAAAA,
online.azbukatenderov.ru,http://online.azbukatenderov.ru/login,artd2000@mail.ru,12457800a,
wiki.bash-hackers.org,https://wiki.bash-hackers.org/scripting/processtree,legioner9,124578a124578aA,
beeline.ru,https://beeline.ru/,9607772124,029800,
beeline.ru,https://beeline.ru/,9620824155,029800,
beeline.ru,https://beeline.ru/,9620824157,029800,
beeline.ru,https://beeline.ru/,9676047811,029800,
beget.com,https://beget.com/ru,legionc8,zLOwhmFH,
best-stroy.ru,https://best-stroy.ru/ads,legioner9@inbox.ru,124578a124578a,
bitrix24.net,https://bitrix24.net/create/,legioner9@inbox.ru,124578a124578a,
biztor.me,http://biztor.me/profile.php,legioner9,124578a124578a,
storm.bpmn2.ru,https://storm.bpmn2.ru/app/signup,bpmn2.ru@mail.ru,124578a124578aA,
budu.jobs,https://budu.jobs/sign-up/candidate,legioner9@inbox.ru,124578a124578aA,
buhexpert8.ru,https://buhexpert8.ru/,legioner9@inbox.ru,maq3ipUseJDZ,
lk.calldog.ru,https://lk.calldog.ru/registration,+7(923)288-51-23,124578a124578a,
cataloxy.ru,https://www.cataloxy.ru/getpwd.php,legioner9@inbox.ru,124578a124578a,
chf.su,https://chf.su/threads/5196/page-2,Legioner9@inbox.ru,124578a124578a,
id.cisco.com,https://id.cisco.com/signin/register,legioner9@inbox.ru,qwaszx1!A,
citilink.ru,https://citilink.ru/forget/check/hash/,legioner9@inbox.ru,124578a124578a,
classicalradio.com,https://www.classicalradio.com/registration,legioner9@inbox.ru,124578a124578a,
console.cloud.ru,https://console.cloud.ru/registration/,Петров,124578aA_,
code-basics.com,https://code-basics.com/ru/users/new,legioner9.hexlet.io@inbox.ru,124578a124578a,
codecademy.com,https://www.codecademy.com/login,legioner9@inbox.ru,124578a124578a,
codedojo.ru,https://codedojo.ru/courses,legioner9@inbox.ru,124578a124578a,
codepen.io,https://codepen.io/login,legioner9@inbox.ru,124578a124578a,
codewars.com,https://www.codewars.com/,legioner9,124578a124578a,
codewars.com,https://www.codewars.com/users/sign_in,legioner9@inbox.ru,124578a124578a,
combatpower.org,https://combatpower.org/reg,artdekord@mail.ru,dfcbkbcrf,
coursehunter.net,https://coursehunter.net/sign-up,Legioner9@inbox.ru,124578a124578a,
cplusplus.com,https://cplusplus.com/user/access.cgi,legioner9,124578a124578a,
creately.com,https://creately.com/plans/,legioner9@inbox.ru,124578a124578aA,
cryptopro.ru,https://cryptopro.ru/user/register,lelgioner9@inbox.ru,124578a124578aA,
cssdeck.com,https://cssdeck.com/login,legioner9,124578a124578a,
cyberforum.ru,https://www.cyberforum.ru/register.php,legioner9,124578a124578a,
cyberforum.ru,https://www.cyberforum.ru/attachments/808835d1489435383,legioner9@inbox.ru,124578a124578a,
forum.devsaid.com,https://forum.devsaid.com/register/,legioner9,124578a124578a,
di.fm,https://www.di.fm/,legioner9@inbox.ru,124578a124578a,
diakov.net,https://diakov.net/index.php,Legioner9,124578a,
discord.com,https://discord.com/channels/@me,legioner9@inbox.ru,qwaszx1!A,
discordapp.com,https://discordapp.com/channels/524189783568809984/530934459743338497,legioner9@inbox.ru,124578a124578a,
dnevnik.ru,https://dnevnik.ru/,anastasia_444444,12457800a,
dns-shop.ru,https://www.dns-shop.ru/order/begin/,legioner9@inbox.ru,124578a124578a,
hub.docker.com,https://hub.docker.com/,legioner9,124578a124578aA,
drive-money.ru,http://drive-money.ru/signup,artdekord@mail.ru,dfcbkbcrf,
dropbox.com,https://www.dropbox.com/login,asuvorina00@ya.ru,12457800a12457800a,
dropbox.com,https://dropbox.com/login,legioner9@inbox.ru,124578a124578a+,
dropbox.com,https://www.dropbox.com/login,legioner9@inbox.ru,124578a124578a124578a,
dropbox.com,https://www.dropbox.com/,n.ks.mail.ru0@gmail.com,12457800a,
e-traffic.ru,https://www.e-traffic.ru/,legioner9@inbox.ru,124578a124578a,
educba.com,https://educba.com/,legioner9@inbox.ru,124578a124578a,
eljur.ru,https://eljur.ru/elektronnyj-dnevnik-zhurnal-vhod-v-sistemu-hello,o_suvorina,124578a124578a,
gimn10divn.eljur.ru,https://gimn10divn.eljur.ru/authorize,89069121757,12457800a,
bill.eurobyte.ru,https://bill.eurobyte.ru/manager/billmgr,ti116.ru@inbox.ru,124578a124578a,
exercism.io,https://exercism.io/users,1996,Y!EV-cJPs!z&4tS,
exercism.io,https://exercism.io/users,23e41,PkUuR7e$q.3_5A2,
exercism.io,https://exercism.io/users/sign_up,Legioner9,W*7Vv^dx@qTd&h!,
exercism.io,https://exercism.io/users/sign_up,Legioner9.9.9.9,EA9XEbx?k3Y#yQg,
exercism.io,https://exercism.io/users/sign_up,mastersruba,3DwC^%.8fCZk%kQ,
exercism.io,https://exercism.io/users/sign_in,mastersruba.ru@mail.ru,3DwC^%.8fCZk%kQ,
facebook.com,https://facebook.com/,div_ledi@mail.ru,dfcbkbcrf123,
facebook.com,https://facebook.com/,legioner9@inbox.ru,qwaszx1!A,
farmbirds.ru,http://farmbirds.ru/signup,artdekord@mail.ru,dfcbkbcrf,
farming-money.pro,https://farming-money.pro/registration,artdekord@mail.ru,dfcbkbcrf,
fct-altai.ru,https://fct-altai.ru/login,legioner9@inbox.ru,124578a124578a,
figma.com,https://www.figma.com/login_iframe,2930306@mail.ru,Qwerty@2030,
financemonster24.ru,http://financemonster24.ru/signup,artdekord@mail.ru,dfcbkbcrf,
firstvds.ru,https://firstvds.ru/,cab12.ru@inbox.ru,124578a124578a,
flagma.ru,https://flagma.ru/index.php,mastersruba.ru@mail.ru,124578a124578a,
flaticon.com,https://www.flaticon.com/profile/register,legioner9,124578a124578a,
bpmn2.freshdesk.com,https://bpmn2.freshdesk.com/register/VtsUOZuK9v2nTHPCqt1,Анатолий,124578a124578aA,
fwdays.com,https://fwdays.com/en/register/,legioner9@inbox.ru,124578a124578a,
themes.getbootstrap.com,https://themes.getbootstrap.com/my-account/,legioner9@inbox.ru,124578a124578a,
identity.getpostman.com,https://identity.getpostman.com/signup,legioner9,124578a124578a,
app.gitbook.com,https://app.gitbook.com/join,legioner9@inbox.ru,124578a124578aA,
gitflic.ru,https://gitflic.ru/auth/signup,legioner9,124578a124578aA,
gitflic.ru,https://gitflic.ru/auth/login,legioner9@inbox.ru,124578a124578aA,
docs.gitflic.space,https://docs.gitflic.space/auth/login,legioner9@inbox.ru,124578a124578aA,
github.com,https://github.com/login,avemeta.git@mail.ru,azsxdc1!&,
github.com,https://github.com/join,legioner9,qwaszx1!Aqwaszx1!A,
gitlab.com,https://gitlab.com/users/sign_up,legioner9,124578a124578aA,
gitlab.com,https://gitlab.com/users/sign_in,legioner9@inbox.ru,124578a124578aA,
golden-birds.biz,https://golden-birds.biz/signup,divledi,dfcbkbcrf,
golden-mines.biz,https://golden-mines.biz/login,artdekord@mail.ru,dfcbkbcrf,
golden-mines.biz,https://golden-mines.biz/signup,divledi,dfcbkbcrf,
golden-tea.com,https://golden-tea.com/login/end.php,Divledi,DFCBKBCRF,
goodreads.com,https://www.goodreads.com/user/new,legioner9@inbox.ru,124578a124578a,
google.com,https://google.com/,fig.qwd@gmail.com,124578a124578a,
google.com,https://google.com/,kras99000@gmail.com,12457800a,
google.com,https://google.com/,legioner9.9.9.9@gmail.com,qwaszx1!A,
google.com,https://google.com/,legioner9@inbox.ru,qwaszx1!A,
google.com,https://google.com/,xuniversitet,124578a124578a,
accounts.goorm.io,https://accounts.goorm.io/signup,legioner9@inbox.ru,C6id+vEU%.kM`Tf,
gosuslugi.ru,https://gosuslugi.ru/,,Cedjhby+1966,
gosuslugi.ru,https://gosuslugi.ru/,+7 (995) 311-52-00,qwaszx1!Aqwaszx1!A,
gosuslugi.ru,https://gosuslugi.ru/,+7 923 2885123,Cedjhbyf+1937,
gosuslugi.ru,https://gosuslugi.ru/,+7 965 9149931,Cedjhby+1966,
gosuslugi.ru,https://gosuslugi.ru/,+79676047811,1Zxcv+10,
gosuslugi.ru,https://gosuslugi.ru/,03063670,124578a124578a,
gosuslugi.ru,https://gosuslugi.ru/,14464399283,Cedjhby+1966!,
gosuslugi.ru,https://gosuslugi.ru/,89232885123,124578a124578a,
gosuslugi.ru,https://gosuslugi.ru/,9953115200,Cedjhby+1966!,
account.habr.com,https://account.habr.com/register/,legioner9@inbox.ru,124578a124578a,
helloasterisk.ru,https://helloasterisk.ru/forum/index.php,Lgioner9,124578ф124578ф,
ru.hexlet.io,https://ru.hexlet.io/u/new,legioner9.hexlet.io@inbox.ru,124578a124578a,
ru.hexlet.io,https://ru.hexlet.io/password/edit,legioner9@inbox.ru,124578a124578a,
hh.ru,https://hh.ru/,+7 (913) 514-25-75,124578a124578a,
hh.ru,https://hh.ru/,vashkevich-1977@list.ru,91351425A,
cp.hostfire.ru,https://cp.hostfire.ru/billmgr,legioner9,QWERTTY,
panel.hostland.ru,https://panel.hostland.ru/,host1574459,e7aac2f2,
hr-bo.ru,https://www.hr-bo.ru/user/resume-add/,vashkevich-1977@list.ru,91351425A,
htmlacademy.ru,https://htmlacademy.ru/courses/4/run/1,legioner9@inbox.ru,124578a124578a,
htmllessons.ru,https://htmllessons.ru/c/show/6,legioner9@inbox.ru,124578a124578a,
demo.ideco.ru,https://demo.ideco.ru/,administrator, servicemode,
infomania.cc,http://infomania.cc/login.php,legioner9,124578a124578a,
my.inkdrop.app,https://my.inkdrop.app/signup,Legioner,124578a124578a,
my.inkdrop.app,https://my.inkdrop.app/,Legioner9@inbox.ru,124578a124578a,
insliv.ru,https://insliv.ru/register/,Igor9999,124578a124578,
instagram.com,https://instagram.com/accounts/emailsignup/,anatoly9.9.9.9,J6M!zf@3=xs5sAN,
interneturok.ru,https://interneturok.ru/ege/,legioner9@inbox.ru,124578a124578a,
intuit.ru,https://intuit.ru/intuit,bitrix24.ru@inbox.ru,124578a,
intuit.ru,https://intuit.ru/intuit,legioner9@inbox.ru,124578a124578a,
iprbookshop.ru,https://www.iprbookshop.ru/auth,legioner9@inbox.ru,sddWS5,
irecommend.ru,https://irecommend.ru/user/register,legioner9,124578a124578a,
irmacom.ru,https://irmacom.ru/Account/Login,ns-kras@mail.ru,029800Zx,
ispserver.ru,https://ispserver.ru/help,legioner9@inbox.ru,124578a124578a,
wifi.itax.ru,http://wifi.itax.ru/login,9953115200,9004,
learn.javascript.ru,https://learn.javascript.ru/alert-prompt-confirm,legioner9@inbox.ru,124578a124578a,
account.jetbrains.com,https://account.jetbrains.com/signup-complete/73qu2v38c6p7899kh8ra5xkvg,Legioner9,124578a124578a,
admin.jivosite.com,https://admin.jivosite.com/widgets/log/id/651542,legioner9@inbox.ru,124578a124578aF,
ru.jobrapido.com,https://ru.jobrapido.com/signup,vashkevich-1977@list.ru,91351425A,
ru.jooble.org,https://ru.jooble.org/%D1%80%D0%B0%D0%B1%D0%BE%D1%82%D0%B0-%D1%81%D1%80%D0%BE%D1%87%D0%BD%D0%BE-%D1%82%D1%80%D0%B5%D0%B1%D1%83%D1%8E%D1%82%D1%81%D1%8F-%D1%81%D1%82%D1%80%D0%BE%D0%B8%D1%82%D0%B5%D0%BB%D0%B8-%D0%B1%D1%80%D0%B8%D0%B3%D0%B0%D0%B4%D0%B0-%D1%81%D1%82%D1%80%D0%BE%D0%B8%D1%82%D0%B5%D0%BB%D0%B5%D0%B9/%D0%9C%D0%BE%D1%81%D0%BA%D0%B2%D0%B0,legioner9@inbox.ru,124578a124578a,
jscomplete.com,https://jscomplete.com/join,legioner9@inbox.ru,124578a124578a,
jsfiddle.net,https://jsfiddle.net/user/signup/,legioner9,124578a124578a,
kaztorrents.info,https://kaztorrents.info/signup.php,р,124578a,
kaztorrents.info,https://kaztorrents.info/signup.php,рuhbuhgvbub,SfR3UuLPYmrgG5Y,
kite.com,https://www.kite.com/reset-password,legioner9@inbox.ru,124578a124578aA,
auth.kontur.ru,https://auth.kontur.ru/,ns-kras@mail.ru,12457800a,
kopilkaclub.ru,https://kopilkaclub.ru/register/card/confirm,+7 (995) 311–4020,2D26,
krasavtovokzal.ru,http://krasavtovokzal.ru/mezhdugorod_raspisaniye,9659149931,124578a124578a,
krasinform.ru,https://www.krasinform.ru/,24000036820101000041,99850011,
krsk-sbit.ru,https://krsk-sbit.ru/forgotten,20299,124578a124578a,
krsk-sbit.ru,https://krsk-sbit.ru/index.php,legioner9@inbox.ru,124578a124578a,
e.lanbook.com,https://e.lanbook.com/auth/signup,legioner9@inbox.ru,qwaszx11,
login.launchpad.net,https://login.launchpad.net/b3L3nufC3GYgHdCR/+decide,legioner9,124578a124578aA,
login.launchpad.net,https://login.launchpad.net/nntC1vMjR0w5YEj9/+decide,legioner9@inbox.ru,124578a124578aA,
legendsoftree.com,https://legendsoftree.com/enter,artdekord@mail.ru,TEqPJWvH,
leroymerlin.ru,https://leroymerlin.ru/registration.php,legioner9@inbox.ru,124578a124578a,
linkedin.cn,https://www.linkedin.cn/checkpoint/rp/request-password-reset-submit-redir-email-pin,legi[,124578a124578a,
linkedin.cn,https://www.linkedin.cn/login/ru,legioner9@inbox.ru,124578a124578a,
linkedin.com,https://linkedin.com/start/join,legioner9.9.9.9@gmail.com,124578a124578a,
live.com,https://live.com/,artd0304@mail.ru,030400aa,
live.com,https://live.com/,legioner9@inbox.ru,124578a124578a124578a,
live.com,https://live.com/,ma20000000@mail.ru,00000002am,
live.com,https://live.com/,mastersruba.ru@mail.ru,124578aa124578aa,
live.com,https://live.com/,mastersruba@outlook.com,124578a124578a,
liveinternet.ru,https://www.liveinternet.ru/add,mastersruba.ru@mail.ru,124578a124578a,
livejournal.com,https://livejournal.com/,legioner9,124578a124578aA,
macmillanpracticeonline.com,https://www.macmillanpracticeonline.com/MPO/Register,legioner9,124578a124578a,
mailapp.mail.ru,android://5c2O_G6cBQQeYg6A3vhIpzY0dvvRVTnq31OKzlXNwoyDkgIzF7-iWHkpeUwCLZzqsw74HFEMb_bgr_PLvHpbnw==@ru.mail.mailapp/,artd0302@mail.ru,030200aaa,
mailapp.mail.ru,android://5c2O_G6cBQQeYg6A3vhIpzY0dvvRVTnq31OKzlXNwoyDkgIzF7-iWHkpeUwCLZzqsw74HFEMb_bgr_PLvHpbnw==@ru.mail.mailapp/,artdecor24.2000@mail.ru,124578a124578a,
mailapp.mail.ru,android://5c2O_G6cBQQeYg6A3vhIpzY0dvvRVTnq31OKzlXNwoyDkgIzF7-iWHkpeUwCLZzqsw74HFEMb_bgr_PLvHpbnw==@ru.mail.mailapp/,info.mastersruba.ru@mail.ru,124578a124578a,
mailapp.mail.ru,android://5c2O_G6cBQQeYg6A3vhIpzY0dvvRVTnq31OKzlXNwoyDkgIzF7-iWHkpeUwCLZzqsw74HFEMb_bgr_PLvHpbnw==@ru.mail.mailapp/,vashkevich-1977@list.ru,91351425A,
mail.ru,https://mail.ru/,altlinux.org,qwaszx1!Aqwaszx1!A,
mail.ru,https://mail.ru/,artd.anna.ivleva@mail.ru,124578a124578a,
mail.ru,https://mail.ru/,artd0304,qwaszx1qwaszx1,
mail.ru,https://mail.ru/,artd2000@mail.ru,1Zxcv+10,
mail.ru,https://mail.ru/,artdecor24.2000,124578a124578a124578a,
mail.ru,https://mail.ru/,artdecor24.2001,124578a124578a,
mail.ru,https://mail.ru/,artdecor24.2002@mail.ru,124578a124578a124578a124578a,
mail.ru,https://mail.ru/,artdecor24.2003,124578a124578a,
mail.ru,https://mail.ru/,artdecor24.2004,124578a124578a,
mail.ru,https://mail.ru/,artdecor24.2005,124578a124578a,
mail.ru,https://mail.ru/,artdecor24.2006,124578a124578a,
mail.ru,https://mail.ru/,artdecor24.2007,124578a124578a,
mail.ru,https://mail.ru/,artdecor24.2008,124578a124578a,
mail.ru,https://mail.ru/,artdecor24.2009,124578a124578a,
mail.ru,https://mail.ru/,artdecor24.2010,124578a124578a,
mail.ru,https://mail.ru/,artdecor24.2011,124578a124578a,
mail.ru,https://mail.ru/,artdecor24.2012,124578a124578a,
mail.ru,https://mail.ru/,artdecor24.2013,124578a124578a,
mail.ru,https://mail.ru/,artdecor24.2014,124578a124578a,
mail.ru,https://mail.ru/,artdecor24.2015,124578a124578a,
mail.ru,https://mail.ru/,artdecor24.2016,124578a124578a,
mail.ru,https://mail.ru/,artdecor24.2017,124578a124578a,
mail.ru,https://mail.ru/,artdecor24.2018,124578a124578a,
mail.ru,https://mail.ru/,artdecor24.2019,124578a124578a,
mail.ru,https://mail.ru/,artdecor24.2020,124578a124578a,
mail.ru,https://mail.ru/,artdecor24.2021,124578a124578a,
mail.ru,https://mail.ru/,artdecor24.2022,124578a124578a,
mail.ru,https://mail.ru/,artdecor24.2023,124578a124578a,
mail.ru,https://mail.ru/,artdecor24.2024,124578a124578a,
mail.ru,https://mail.ru/,as2000-div,12457800a,
mail.ru,https://mail.ru/,avemeta.git,azsxdc1!&,
mail.ru,https://mail.ru/,avito2852,qwaszx1!qwaszx1!,
mail.ru,https://mail.ru/,b11000,12457800a,
mail.ru,https://mail.ru/,b12000@mail.ru,12457800a,
mail.ru,https://mail.ru/,b15000@mail.ru,12457800a,
mail.ru,https://mail.ru/,bitrix24.ru,124578a124578aA,
mail.ru,https://mail.ru/,bitrix24.ru@inbox.ru,124578a124578aA,
mail.ru,https://mail.ru/,bpmn2.ru,124578a124578aA,
mail.ru,https://mail.ru/,c11000@mail.ru,12457800a,
mail.ru,https://mail.ru/,cab12.ru,124578a124578a,
mail.ru,https://mail.ru/,distant-tusur.ru@mail.ru,1Zxcv-100,
mail.ru,https://mail.ru/,fst1.mastersruba.ru,124578a124578a,
mail.ru,https://mail.ru/,github.com,124578a124578aA,
mail.ru,https://mail.ru/,github.com@inbox.ru,124578a124578aA,
mail.ru,https://mail.ru/,im.avito.ru,124578a124578aA,
mail.ru,https://mail.ru/,info.mastersruba,124578a124578a,
mail.ru,https://mail.ru/,info.mastersruba.2,124578a124578a,
mail.ru,https://mail.ru/,info.mastersruba.3,124578a124578a,
mail.ru,https://mail.ru/,info.mastersruba.4,124578a124578a,
mail.ru,https://mail.ru/,info.mastersruba.5,124578a124578a,
mail.ru,https://mail.ru/,info.mastersruba.6,124578a124578a,
mail.ru,https://mail.ru/,koly.rubyn@mail.ru,124578a124578a,
mail.ru,https://mail.ru/,legi,qwaszx1!Aqwaszx1!A,
mail.ru,https://mail.ru/,legioner9.hexlet.io@inbox.ru,qwaszx1!Aqwaszx1!A,
mail.ru,https://mail.ru/,legioner9@inbox.ru,qwaszx1qwaszx1,
mail.ru,https://mail.ru/,m_2000000,0000002_m,
mail.ru,https://mail.ru/,ma20000000,00000002am,
mail.ru,https://mail.ru/,mastersruba.ru@mail.ru,qwaszx1qwaszx1,
mail.ru,https://mail.ru/,ns-kras10@mail.ru,12457800a,
mail.ru,https://mail.ru/,ns-kras@mail.ru,1Zxcv+10,
mail.ru,https://mail.ru/,rosdistant.ru,124578a124578aA,
mail.ru,https://mail.ru/,rtyu.rtyu,Hbk-P2R-ZSs-Rkx,
mail.ru,https://mail.ru/,sw2.mastersruba.ru,124578a124578a,
mail.ru,https://mail.ru/,ti116.ru,124578a124578a,
mail.ru,https://mail.ru/,vashkevich-1-9-7-7,124578a124578aA,
mail.ru,https://mail.ru/,vashkevich-1-9-7-7@list.ru,124578a124578aA,
mail.ru,https://mail.ru/,vashkevich-1977@list.ru,91351425A,
mail.ru,https://mail.ru/,yandex.st.ru,qwaszx1!Aqwaszx1!A,
mail.ru,https://mail.ru/,yandex.st.ru@inbox.ru,qwaszx1!Aqwaszx1!A,
mail.ru,https://mail.ru/,Прокопец,124578a124578a,
account.mail.ru,https://account.mail.ru/login/,legioner9@inbox.ru,qwaszx1qwaszx1,
maykers.ru,https://maykers.ru/my-account/,legioner9,wUX8b*Ehq4hE,
secure.meetup.com,https://secure.meetup.com/ru-RU/account/password/324569690/1619164881712/b730879b9a46d8da2b4527b87028e4f8adffca71d6a97f76faa8799ed5a38143,legioner9@inbox.ru,qwaszx1!qwaszx1!,
monsterlessons.com,https://monsterlessons.com/auth/register,legioner9@inbox.ru,124578a124578a,
motormoney.org,https://motormoney.org/,artdekord@mail.ru,dfcbkbcrf,
musify.club,https://musify.club/release/johann-sebastian-bach-organ-works-2012-282912,legioner9,124578a124578aA,
muwilab.ru,https://muwilab.ru/forgot_password.php,legioner9,124578a124578a,
demo.my-engine.ru,http://demo.my-engine.ru/admin/,,123,
my-mails.ru,https://my-mails.ru/%d0%b8%d0%b7%d0%bc%d0%b5%d0%bd%d0%b5%d0%bd%d0%b8%d1%8f-%d0%be%d0%b1%d1%81%d0%bb%d1%83%d0%b6%d0%b8%d0%b2%d0%b0%d0%bd%d0%b8%d1%8f-%d0%ba%d0%bb%d0%b8%d0%b5%d0%bd%d1%82%d0%be%d0%b2/,legioner9,124578a124578a,
myatompark.com,https://myatompark.com/login/,legioner9@inbox.ru,124578a124578a,
app.mybase.pro,https://app.mybase.pro/auth/sign-up-step-1,Вашкевич,QmL6ZJX45xxE87N,
masersruba.mybb.ru,http://masersruba.mybb.ru/login.php,Анатолий,MZcbDeef,
go.myfreshcloud.com,https://go.myfreshcloud.com/login,Анатолий,umqvpgY9Tj9UJxPc,
mywot.com,https://www.mywot.com/ru/scorecard/ldroidjuegosandroid.blogspot.pe,Mastersruba,124578a124578a,
naidu-rabotu.ru,https://naidu-rabotu.ru/user/add/jobseeker/,vashkevich-1977@list.ru,124578a124578a,
nalog.ru,https://nalog.ru/,242304813877,124578a124578A+,
neuvoo.ru,https://neuvoo.ru/log-in/,vashkevich-1977@list.ru,124578a124578a,
mail.ngs.ru,https://mail.ngs.ru/,legioner9,124578a124578a,
passport.ngs.ru,https://passport.ngs.ru/signin/,giperiona@ngs.ru,124578a124578a,
npmjs.com,https://www.npmjs.com/signup,legioner9,124578a124578a124578a,
npmjs.com,https://npmjs.com/login,legioner_,124578a124578a124578a,
numeroscop.ru,http://www.numeroscop.ru/numerologija_daty_rozhdenija/,legioner9@inbox.ru,124578a,
ok.ru,https://ok.ru/dk,legioner9@inbox.ru,qwaszx1!,
s2.openssource.cc,https://s2.openssource.cc/conversations/vy-ne-poseschali-nash-sajt-s-2020-goda-my-obespokoeny-ehtim-chto-novogo-besplatnyj-premium.5931774/unread,legioner9@inbox.ru,124578a124578a,
openssource.info,https://openssource.info/register/,legioner9@inbox.ru,124578a124578a,
login.oracle.com,https://login.oracle.com/mysso/signon.jsp,legioner9@inbox.ru,124578a124578aA,
profile.oracle.com,https://profile.oracle.com/myprofile/account/create-account.jspx,legioner9@inbox.ru,r8a-94W-cPH-pRx,
otzovik.com,https://otzovik.com/signup.php,Legioner9,124578a124578a,
partizanam.ru,https://partizanam.ru/loginin,legioner9,124578a124578a,
pastebin.com,https://pastebin.com/login,legioner9,7uPsFk5e,
pastebin.com,https://pastebin.com/signup,legioner9@inbox.ru,124578a124578a,
ru.pinterest.com,https://ru.pinterest.com/,legioner9@inbox.ru,124578a124578a,
pishem-pravdu.ru,http://pishem-pravdu.ru/login,legioner9,124578a124578a,
pishem-pravdu.ru,http://pishem-pravdu.ru/registration,Анатолий,124578a124578a,
pixabay.com,https://pixabay.com/ru/accounts/register/,legioner9,124578a124578a,
pochta.ru,https://pochta.ru/,89620824155,12457800a,
pochta.ru,https://pochta.ru/,legioner9@inbox.ru,qwaszx1!,
poisk-mastera.ru,https://poisk-mastera.ru/login,legioner9@inbox.ru,95722 ,
postgrespro.ru,https://postgrespro.ru/user,legioner9@inbox.ru,124578a124578a,
bill.pq.hosting,https://bill.pq.hosting/billmgr,legioner9@inbox.ru,124578a124578a,
pravogolosa.net,http://pravogolosa.net/profil/registers,legioner9,124578a124578a,
profitcentr.com,https://profitcentr.com/login,divledi,hrc1a5d5,
ps.profitserver.pro,https://ps.profitserver.pro/billmgr,legioner9@inbox.ru,124578a124578a,
promodj.com,https://promodj.com/reminder/2991800/c73301ef33e90b93fefc04c53213d273,legioner9,124578a124578a,
quizful.net,http://www.quizful.net/LoginAction.registration,legioner9,124578a124578a,
krasnoyarsk.rabota.ru,https://krasnoyarsk.rabota.ru/,legioner9@inbox.ru,124578a124578aA,
krasnoyarsk.rabota1.com,http://krasnoyarsk.rabota1.com/login/retry/,artd0302@mail.ru,124578a124578a,
radiotunes.com,https://www.radiotunes.com/,legioner9@inbox.ru,124578a124578a,
ratatouille-games.ru,http://ratatouille-games.ru/signup,artdekord@mail.ru,dfcbkbcrf,
realmusic.ru,https://www.realmusic.ru/profile/register/,legioner9@inbox.ru,124578a124578a,
reddit.com,https://reddit.com/r/bash/comments/od7fi0/a_tool_to_discover_unintended_variable_shadowing/,legioner9999,qwaszx1!A,
developers.redhat.com,https://developers.redhat.com/auth/realms/rhd/login-actions/registration,legioner9,124578a124578a,
hosting.reg.ru,https://hosting.reg.ru/vps/,legioner9@inbox.ru,_Hp6R9Fd,
relasko.ru,https://relasko.ru/register,legioner9@inbox.ru,mMsWtZvsJs6TC6p,
remtrust.ru,https://www.remtrust.ru/personal/profile/,Legioner9@inbox.ru,124578a124578a,
repack.me,https://repack.me/index.php,legioner9,124578a124578a,
repl.it,https://repl.it/signup,legioner9@inbox.ru,124578a124578a,
edu.rosdistant.ru,https://edu.rosdistant.ru/,legioner9,124578a124578a,
edu.rosdistant.ru,https://edu.rosdistant.ru/,legioner9999,qwaszx11A,
edu.rosdistant.ru,https://edu.rosdistant.ru/login/index.php,pgs080301,12457800a,
lk.rosdistant.ru,https://lk.rosdistant.ru/,nskras01,029800zx,
rosrabota.ru,https://rosrabota.ru/register-company,artd0302@mail.ru,124578a124578a,
rosrabota.ru,https://rosrabota.ru/,vashkevich-1977@list.ru,124578a124578a,
passport.rsl.ru,https://passport.rsl.ru/register/form,legioner9@inbox.ru,124578a124578a,
rt.ru,https://rt.ru/,buhg000@mail.ru,12457800a,
rt.ru,https://rt.ru/,lk_2653555,124578a124578aA,
e.mail.ru-inbox.email,https://e.mail.ru-inbox.email/mail/inbox/messages/readmessage/attachment/error/index.php,legioner9,124578a124578a,
ru-tld.ru,https://ru-tld.ru/virtual-servers/,legioner9,124578a124578a,
my.ru-tld.ru,https://my.ru-tld.ru/manager/billmgr,legioner9@inbox.ru,124578a124578a,
rucaptcha.com,https://rucaptcha.com/auth/register,artdekord@mail.ru,dfcbkbcrf,
divnogorsk.rus-work.com,http://divnogorsk.rus-work.com/vakansii/add,legioner9@inbox.ru,124578a124,
users.rust-lang.org,https://users.rust-lang.org/,legioner9,124578a124578a,
rutube.ru,https://rutube.ru/multipass/login/,legioner9@inbox.ru,124578a124578a,
community.salesplatform.ru,http://community.salesplatform.ru/activate,legioner9,124578a124578a,
demo.salesplatform.ru,http://demo.salesplatform.ru/index.php,demo,1hgTjhEM,
my.satu.kz,https://my.satu.kz/remote/account/change_password,legioner9@inbox.ru,124578a124578a,
auth.iam.sbercloud.ru,https://auth.iam.sbercloud.ru/auth/system/login,legioner9@inbox.ru,124578aA_,
online.sbis.ru,https://online.sbis.ru/auth/,artd2000@mail.ru,029800Zx,
acs1.sbrf.ru,https://acs1.sbrf.ru/acs_01b/pa,,812087,
scribd.com,https://scribd.com/oauth/authorize,Аnatoly,124578a124578a,
seo-fast.ru,https://seo-fast.ru/login_f3fb4c4b5f756ff4476f8e40f44d507b,artdekord@mail.ru,555d6702c9,
seosprint.net,http://www.seosprint.net/index.php,artdekord@mail.ru,9NNVzetaCg,
forum.sfera.zone,https://forum.sfera.zone/ucp.php,legioner9,124578a,
abiturient.sfu-kras.ru,https://abiturient.sfu-kras.ru/,суворина,0417104661,
e.sfu-kras.ru,https://e.sfu-kras.ru/login/index.php,ASuvorina-AF20 ,aQ3-7bd-sBu-W7H,
users.sfu-kras.ru,https://users.sfu-kras.ru/,ASuvorina-AF18,apupef95,
sharewood.biz,https://sharewood.biz/register/,legioner9@inbox.ru,124578a124578a,
s4.sharewood.ws,https://s4.sharewood.ws/lost-password/legioner9.141499/confirm,legioner9,124578a124578a,
singlelogin.org,https://singlelogin.org/registration.php,legioner9@inbox.ru,124578a124578a,
my.skystark.net,https://my.skystark.net/billmgr,legioner9@inbox.ru,124578a124578a,
javascriptru.slack.com,https://javascriptru.slack.com/,legioner9@inbox.ru,124578a124578aA,
node-js.slack.com,https://node-js.slack.com/join/invite/enQtMTA1NDM4MTg2MjYyNS1hNjU3NDIwMTQ4ODZmY2NjZDdkNWQ0MDBkM2NhNzQ3OGY2MmM4NjI4Y2IyOTQ3NjNiN2M4OTczMjg3NjFmOTAz,Anatoly,124578a124578a,
smart-torrent.org,https://smart-torrent.org/ucp.php,Legioner9,Cwn2LG49gZCwkF2,
smmplanner.com,https://smmplanner.com/accounts/instagram/login/,legioner9@inbox.ru,124578a124578a,
socpublic.com,https://socpublic.com/auth_signup.html,artdekord@mail.ru,dfcbkbcrf,
sololearn.com,android://KnMXmvCx5tOkSqfPA5MC9jzcF6f2mRYUydT1CZqF6UUF7kXlUKniVvND0A3fu_KHVfOdfURJpYyUf6ihEnevhw==@com.sololearn/,legioner9@inbox.ru,124578a124578a,
sololearn.com,https://www.sololearn.com/User/Register/,legioner9@inbox.ru,124578a124578a,
somee.com,https://somee.com/DOKA/DOC/DOLoginOrRegister.aspx,legioner9,124578a124578aA+,
sourceforge.net,https://sourceforge.net/user/registration,legioner9,124578a124578aA,
center.ssms.su,https://center.ssms.su/login.php,legioner9@inbox.ru,EG27RmOF,
stackoverflow.com,https://stackoverflow.com/users/signup,legioner9@inbox.ru,124578a124578a,
stans.ru,https://stans.ru/login/,legioner9,124578a124578a,
starstable.com,https://www.starstable.com/ru/myaccount/login,Chuchalina05@bk.ru,12457800a,
starstable.com,https://www.starstable.com/ru/myaccount/login,olesya.chuchalna@bk.ru,12457800a,
starstable.com,https://www.starstable.com/ru/myaccount/login,olesya.suvorina@bk.ru,12457800a,
starstable.com,https://www.starstable.com/ru/myaccount/login,olesya.suvorina@dk.ru,12457800a,
online.status-kurs.ru,https://online.status-kurs.ru/online/registraciya-v-programme-nastroyka-nachalnoy-stranicyrn.html,ns-kras10@mail.ru,258456,
stepik.org,https://stepik.org/join-class/d0bef4aa2c34f0fcc06c01db134881155cecccc8,alesya.suvorina@bk.ru,12457800a,
stepik.org,https://stepik.org/registration,legioner9@inbox.ru,124578a124578a,
stroiman.ru,http://stroiman.ru/construction/list/stroitelnye_zakazy_bez_posrednikov,legioner9@inbox.ru,124578a124578a,
stroiman.ru,http://stroiman.ru/,mastersruba,124578a124578a,
stroiman.ru,http://stroiman.ru/register,mastersruba.ru@mail.ru,124578a124578a,
stroitel.club,http://www.stroitel.club/registr/,Mastersruba,124578a124578a,
stroybest.ru,http://www.stroybest.ru/register.php,Mastersruba,124578a124578a,
stroyboard.su,http://www.stroyboard.su/users_add.htm,mastersruba,124578a124578a,
studwork.org,https://studwork.org/login,user460501,OiIzXA5,
superjob.ru,https://superjob.ru/,legioner9@inbox.ru,124578a124578a,
connect.symfony.com,https://connect.symfony.com/register/,legioner9,124578a124578a,
lms.synergy.ru,https://lms.synergy.ru/,c11000@mail.ru,1Zxcv-100,
thankyou.ru,http://thankyou.ru/registration,legioner9@inbox.ru,124578a124578a,
theodinproject.com,https://theodinproject.com/sign_up,legioner9,124578a124578a,
theodinproject.com,https://theodinproject.com/users/sign_in,legioner9@inbox.ru,124578a124578a,
timeweb.cloud,https://timeweb.cloud/my/servers/1517971,cl42264,124578a124578a,
tinkoff.ru,https://tinkoff.ru/,isuvorin@bitrix24.ru,029800,
my.tiu.ru,https://my.tiu.ru/cabinet/sign-in,legioner9@inbox.ru,124578a124578a,
topsostav.ru,http://www.topsostav.ru/profile/regsteps,skriber-sk@ya.ru,124578a124578a,
customer.ttk.ru,https://customer.ttk.ru/PCM/,241715747,89620824155,
lk.ttk.ru,https://lk.ttk.ru/auth,241 715 747,89620824155,
lk.ttk.ru,https://lk.ttk.ru/po/login.jsf,241717173,89130472744,
twitch.tv,https://www.twitch.tv/codeitlive/about,Legioner9999,J%-{f2=Xb~8HvDN,
twitter.com,https://twitter.com/mod_russia/status/1108097172883623936,legioner9@inbox.ru,~8FZfmH2+=S_7U_,
udemy.com,https://www.udemy.com/join/signup-popup/,legioner9@inbox.ru,124578a124578a,
udemy.com,https://www.udemy.com/join/signup-popup/,mastersruba.ru@mail.ru,124578a124578a,
uslugio.com,https://uslugio.com/,mastersruba.ru@mail.ru,124578a124578a,
uztest.ru,https://uztest.ru/,suvorinao,0748190,
cp.vds-shop.ru,https://cp.vds-shop.ru/billmgr,cab12.ru@inbox.ru,124578a124578a,
vimeo.com,https://vimeo.com/join,legioner9@inbox.ru,124578a_,
vipkeys.net,https://www.vipkeys.net/,legioner9,0oYrsl,
vipkeys.net,https://www.vipkeys.net/load/,legioner9,124578a124578a,
gwiomyaxon.de-05.visual-paradigm.com,https://gwiomyaxon.de-05.visual-paradigm.com/confirm_subscription.jsp,,124578a124578a,
online.visual-paradigm.com,https://online.visual-paradigm.com/login.jsp,legioner9@inbox.ru,124578a124578a,
vk.com,https://vk.com/,+7 905 976-28-52,124578a124578aAA,
vk.com,https://vk.com/login,+7 995 311-52-00,qwaszx1!@#A,
vk.com,https://vk.com/feed,+7********31,qwaszx1,
vk.com,https://vk.com/,89620824155,124578aa124578aa,
vk.com,https://vk.com/,89676047811,12457800a,
vk.com,https://vk.com/login,89953115200,qwaszx1!@#A,
vk.com,https://vk.com/,div_ledi@mail.ru,ASuvorina,
vk.com,https://vk.com/,legioner9@inbox.ru,qwaszx1,
id.vk.com,https://id.vk.com/promo,+7 995 311-52-00,qwaszx1!@#A,
id.vk.com,https://id.vk.com/auth,+7905 976-28-52,124578a124578aAA,
vsedlyastroiki.ru,https://vsedlyastroiki.ru/ru/private/auth/,legioner9@inbox.ru,rabaso339,
wayup.in,https://wayup.in/group/register-success-course6,legioner9@inbox.ru,124578a124578a,
webinar.ru,https://webinar.ru/,c11000@mail.ru,12457800a,
webnames.ru,https://webnames.ru/scripts/auth.pl,legioner9,124578a124578a,
wmrfast.com,https://wmrfast.com/,divledi,dfcbkbcrf,
wordpress.com,https://wordpress.com/log-in,mastersruba.ru@mail.ru,124578a124578a,
курсы-по-1с.рф,https://xn----1-bedvffifm4g.xn--p1ai/wp-login.php,legioner9@inbox.ru,124578a124578aA,
самара.стаж.рф,http://xn--80aaa0cvac.xn--80am5ae.xn--p1ai/%D0%B2%D0%B0%D0%BA%D0%B0%D0%BD%D1%81%D0%B8%D0%B8/%D1%80%D0%B0%D0%B1%D0%BE%D1%87%D0%B8%D0%B5-%D1%81%D0%BF%D0%B5%D1%86%D0%B8%D0%B0%D0%BB%D1%8C%D0%BD%D0%BE%D1%81%D1%82%D0%B8/%D0%B0%D0%B2%D1%82%D0%BE%D0%BC%D0%B5%D1%85%D0%B0%D0%BD%D0%B8%D0%BA/%D0%BC%D0%B5%D1%85%D0%B0%D0%BD%D0%B8%D0%BA-%D0%BF%D0%BE-%D0%B2%D1%8B%D0%BF%D1%83%D1%81%D0%BA%D1%83-v10026228,vashkevich-1977@list.ru,91351425A,
осн.айконтим.рф,https://xn--m1abj.xn--80aqceleg7a.xn--p1ai/signup,legioner9@inbox.ru,124578a124578aA,
yandeg.ru,http://yandeg.ru/reg.php,mastersruba.ru,124578a124578a,
yandex.ru,https://yandex.ru/,774497,124578a124578aA,
yandex.ru,https://yandex.ru/,Barinov9.9.9.9,124578a124578a,
yandex.ru,https://yandex.ru/,a-suvorina00@yandex.ru,eQJ-zwR-9x,
yandex.ru,https://yandex.ru/,artd0200@yandex.ru,029800zx,
yandex.ru,https://yandex.ru/,artd0304,030400aa,
yandex.ru,https://yandex.ru/,legioner9inbox.ru,qwaszx1!Aqwaszx1!A,
yandex.ru,https://yandex.ru/,skriber-sk,124578a124578a,
yandex.ru,https://yandex.ru/,yandex.st.ru@inbox.ru,qwaszx1!Aqwaszx1!A,
yandex.ru,https://yandex.ru/,регалия,124578a124578a,
passport.yandex.ru,https://passport.yandex.ru/auth/welcome,yandex.st.ru@inbox.ru,qwaszx1!Aqwaszx1!A,
yandex.ua,https://yandex.ua/,skriber-sk,124578a124578a,
yota.ru,https://yota.ru/,89676047811,12457800a,
yota.ru,https://yota.ru/,legioner9@inbox.ru,124578a,
zakazremonta.ru,https://www.zakazremonta.ru/account/login/,legioner9@inbox.ru,888304,
zarplata.ru,https://zarplata.ru/auth/change-password,legioner9@inbox.ru,124578a124578a,
hr.zarplata.ru,https://hr.zarplata.ru/,artd0302@mail.ru,124578a124578a,
krs.zarplata.ru,https://krs.zarplata.ru/registration,vashkevich-1977@list.ru,124578a124578a,
zennolab.com,https://zennolab.com/discussion/login/login,legioner9@inbox.ru,124578a124578a,
auth.zennolab.com,https://auth.zennolab.com/auth/realms/zennolab/protocol/openid-connect/auth,legioner9@inbox.ru,Rli1JhCUIX,
app.zeplin.io,https://app.zeplin.io/register,legioner9,124578a124578a,
znanium.com,https://znanium.com/user/my-profile,legioner9@inbox.ru,4Pff6Q,
us05web.zoom.us,https://us05web.zoom.us/activate,Legioner,124578a124578aA,
infostart.ru,https://infostart.ru/,user2105739,qwaszx1!A
portal.1c.ru,https://portal.1c.ru/,legioner9999,qwaszx1!A
